basic_materials,BHP,BBL,LIN,CTA-PB,RIO,CTA-PA,VALE,ECL,DD,SHW,APD,DOW,NEM,GOLD,LYB,NTR,PPG,CRH,SCCO,CTVA,VMC,FNV,MLM,NUE,CE,PKX,MT,FCX,AEM,IFF,MAS,WPM,FMC,JHK,CF,EMN,KL,TECK,ROM,WLK,AVTR-PA,VEDL,RGLD,AVTR,AU,MOS,ACH,SQM,ALB,AXTA,OC,RS,STLD,VSM,MDU,SMG,SUZ,HUB,TREX,NEU,AWI,ASH,GRA,GFI,BVN,AA,CCJ,TX,SBGL,EXP,RYN,NGVT,UNVR,PAAS,BLD,OLN,BCPC,LPX,SXT,KWR,MEOH,ESI,CBT,WDFC,POL,SUM,UFPI,AGI,CC,AAON,BLDR,HUL,BECN,UFS,PVG,IOSP,SCL,PQG,ARLP,WOR,OSB,CMC,AG,JELD,X,CLF,CMP,MTX,SSRM,CSTM,BMCH,IBP,KALU,BTU,HSC,ROCK,DOOR,KRO,TROX,OR,GCP,BCC,MTRN,EGO,NEXA,CDE,ARCH,GMS,SWM,NP,EVA,APOG,KRA,OEC,HCC,PGTI,LTHM,CBPX,GFF,FOE,HL-PB,LOMA,WLKP,SA,MERC,CPAC,ASIX,SLCA,GLT,IPHS,KOP,NX,CENX,SXC,CSTE,CTRA,SCHN,FF,REX,FRTA,AVD,HWKN,OMN,NC,VRS,USLM,CEIX,GPRE,CINR,CCR,CLW,NRP,BXC,TMST,ODC,TREC,ZEUS,LXU,ASPN,USAP,SPPP,IFFT,PBR-A,,,,,,,,,,,,,,,,,,,,,,,,,,,,,,,,,,,,,,,,,,,,,,,,,,,,,,,,,,,,,,,,,,,,,,,,,,,,,,,,,,,,,,,,,,,,,,,,,,,,,,,,,,,,,,,,,,,,,,,,,,,,,,,,,,,,,,,,,,,,,,,,,,,,,,,,,,,,,,,,,,,,,,,,,,,,,,,,,,,,,,,,,,,,,,,,,,,,,,,,,,,,,,,,,,,,,,,,,,,,,,,,,,,,,,,,,,,,,,,,,,,,,,,,,,,,,,,,,,,,,,,,,,,,,,,,,,,,,,,,,,,,,,,,,,,,,,,,,,,,,,,,,,,,,,,,,,,,,,,,,,,,,,,,,,,,,,,,,,,,,,,,,,,,,,,,,,,,,,,,,,,,,,,,,,,,,,,,,,,,,,,,,,,,,,,,,,,,,,,,,,,,,,,,,,,,,,,,,,,,,,,,,,,,,,,,,,,,,,,,,,,,,,,,,,,,,,,,,,,,,,,,,,,,,,,,,,,,,,,,,,,,,,,,,,,,,,,,,,,,,,,,,,,,,,,,,,,,,,,,,,,,,,,,,,,,,,,,,,,,,,,,,,,,,,,,,,,,,,,,,,,,,,,,,,,,,,,,,,,,,,,,,,,,,,,,,,,,,,,,,,,,,,,,,,,,,,,,,,,,,,,,,,,,,,,,,,,,,,,,,,,,,,,,,,,,,,,,,,,,,,,,,,,,,,,,,,,,,,,,,,,,,,,,,,,,,,,,,,,,,,,,,,,,,,,,,,,,,,,,,,,,,,,,,,,,,,,,,,,,,,,,,,,,,,,,,,,,,,,,,,,,,,,,,,,,,,,,,,,,,,,,,,,,,,,,,,,,,,,,,,,,,,,,,,,,,,,,,,,,,,,,,,,,,,,,,,,,,,,,,,,,,,,,,,,,,,,,,,,,,,,,,,,,,,,,,,,,,,,,,,,,,,,,,,,,,,,,,,,,,,,,,,,,,,,,,,,,,,,,,,,,,,,,,,,,,,,,,,,,,,,,,,,,,,,,,,,,,,,,,,,,,,,,,,,,,,,,,,,,,,,,,,,,,,,,,,,,,,,,,,,,,,,,,,,,,,,,,,,,,,,,,,,
communication_services,T,VZ,CMCSA,CHL,AMT,CHTR,TMUS,VOD,AMOV,AMX,BCE,ORAN,TEF,CHA,CHU,TLK,CHT,RCI,SCCO,ATUS,TU,VIV,ZM,LBRDK,LBRDA,LBTYB,LBTYK,DISH,LBTYA,SKM,CTL,ROKU,SJR,MBT,CABO,TSU,GLIBA,GLIBP,KT,TIGO,TKC,PHI,TEO,I,USM,LILAK,LILA,TDS,IRDM,VG,CCOI,CBB-PB,IDCC,SHEN,ATNI,RBBN,GOGO,WOW,WIFI,GTT,IDT,CBB,SPOK,OOMA,IGLD,,,,,,,,,,,,,,,,,,,,,,,,,,,,,,,,,,,,,,,,,,,,,,,,,,,,,,,,,,,,,,,,,,,,,,,,,,,,,,,,,,,,,,,,,,,,,,,,,,,,,,,,,,,,,,,,,,,,,,,,,,,,,,,,,,,,,,,,,,,,,,,,,,,,,,,,,,,,,,,,,,,,,,,,,,,,,,,,,,,,,,,,,,,,,,,,,,,,,,,,,,,,,,,,,,,,,,,,,,,,,,,,,,,,,,,,,,,,,,,,,,,,,,,,,,,,,,,,,,,,,,,,,,,,,,,,,,,,,,,,,,,,,,,,,,,,,,,,,,,,,,,,,,,,,,,,,,,,,,,,,,,,,,,,,,,,,,,,,,,,,,,,,,,,,,,,,,,,,,,,,,,,,,,,,,,,,,,,,,,,,,,,,,,,,,,,,,,,,,,,,,,,,,,,,,,,,,,,,,,,,,,,,,,,,,,,,,,,,,,,,,,,,,,,,,,,,,,,,,,,,,,,,,,,,,,,,,,,,,,,,,,,,,,,,,,,,,,,,,,,,,,,,,,,,,,,,,,,,,,,,,,,,,,,,,,,,,,,,,,,,,,,,,,,,,,,,,,,,,,,,,,,,,,,,,,,,,,,,,,,,,,,,,,,,,,,,,,,,,,,,,,,,,,,,,,,,,,,,,,,,,,,,,,,,,,,,,,,,,,,,,,,,,,,,,,,,,,,,,,,,,,,,,,,,,,,,,,,,,,,,,,,,,,,,,,,,,,,,,,,,,,,,,,,,,,,,,,,,,,,,,,,,,,,,,,,,,,,,,,,,,,,,,,,,,,,,,,,,,,,,,,,,,,,,,,,,,,,,,,,,,,,,,,,,,,,,,,,,,,,,,,,,,,,,,,,,,,,,,,,,,,,,,,,,,,,,,,,,,,,,,,,,,,,,,,,,,,,,,,,,,,,,,,,,,,,,,,,,,,,,,,,,,,,,,,,,,,,,,,,,,,,,,,,,,,,,,,,,,,,,,,,,,,,,,,,,,,,,,,,,,,,,,,,,,,,,,,,,,,,,,,,,,,,,,,,,,,,,,,,,,,,,,,,,,,,,,,,,,,,,,,,,,,,,,,,,,,,,,,,,,,,,,,,,,,,,,,,,,,,,,,,,,,,,,,,,,,,,,,,,,,,,,,,,,,,,,,,,,,,,,,,,,,,,,,,,,,,,,,,,,,,,,,,,,,,,,,,,,,,,,,,,,,,,,,,,,,,,,,,,,,,,
consumer_cyclical,AMZN,BABA,HD,DIS,TM,MCD,NKE,NFLX,SBUX,LOW,BKNG,TJX,GM,HMC,RELX,LVS,TSLA,JD,MAR,ROST,PDD,F,VFC,YUM,EBAY,ORLY,CCL,CUK,RACE,EBAYL,SIRI,MELI,HLT,AZO,FXAU,LULU,BLL,CMG,RCL,APTV,EXPE,FOXS,FOX,DHI,CPRT,QSR,BBY,CTRP,LEN,LEN-B,OMC,YUMC,MGA,IP,WPP,ULTA,AMCR,CBS-A,CBS,HAS,KMX,MGM,DRI,GOC,LYV,DISCK,DISCA,NVP,LSXMB,DISCB,LSXMA,LSXMK,AAP,WYNN,IHG,TIF,NCLH,YSCO,ARMK,DPZ,CVNA,PHM,WHR,VIAB,W,VIA,PKG,HTHT,LKQ,FWONA,FWONK,CHWY,MTN,MLCO,WRK,BFAM,CCK,MHK,SCI,UA,UAA,IPG,NWS,NWSA,POOL,CZR,KSS,FBHS,H,ATR,LEVI,BWA,TPR,PSO,FIVE,GIL,RL,GNTX,LEA,WBC,ALV,DLB,COLM,ETSY,DNKN,GPS,PVH,SEE,MSG,VIPS,SON,SKX,TV,TOL,CBD,WWE,HOG,IAA,ALSN,PLNT,HBI,PII,TRIP,WSM,LB,LEG,JWN,HUYA,BERY,TTM,WH,CHH,CHDN,FND,M,CPRI,NYT,NXST,HRB,WEN,CNK,FL,AN,GOOS,QRTEB,LK,BC,TSG,VAC,SIX,QRTEA,GPK,DECK,WYND,TPX,CRI,CMPR,MAT,SBGI,CBRL,ARD,PAG,SHAK,DKS,UNF,TXRH,DOOO,BJ,SLGN,HUN,TGNA,GT,KAR,RH,THO,ERI,KBH,LAD,SHOO,IGT,AIN,STAY,URBN,HGV,MUSA,AMCX,TMHC,MTH,FTCH,MDC,BZUN,BYD,BID,MANU,AEO,DORM,MNRO,WING,WW,HW-A,WWW,JACK,FOXF,RRR,MMYT,VC,YETI,LCII,WMS,PENN,TPH,ADNT,SEAS,SFIX,DAN,GEF-B,CROX,GOLF,KTB,GEF,ISCA,EYE,ABG,LGIH,SBH,LGF-B,LGF-A,CAKE,SGMS,ELY,REAL,SFLY,CVCO,DDS,MDP,PZZA,SKY,GPI,TSE,BLMN,VNE,GTN-A,GTN,RVLV,EAT,MSC,LZB,MIK,OI,AMWD,MTOR,BATRK,BATRA,DBI,ARCO,IMAX,THRM,RUSHA,RUSHB,BBBY,SCHL,SAH,CTB,DIN,MSGN,WGO,GCI,MED,OXM,SNBR,GES,PLCE,GIII,PLAY,MCS,HUD,AMC,DLPH,SMP,BITA,SSP,GHG,MHO,TEN,PLYA,BKE,PATK,PLOW,FNKO,IHRT,ANF,BOOT,FLWS,CAL,CCS,SIG,TRWH,AXL,SRI,SYX,ZUMZ,TILE,CWH,DESP,BJRI,WLH,TUP,MCRI,RGS,GTX,CONN,QUOT,BXG,REVG,CPS,NCMI,TOWR,HOME,CARS,MYE,FOSL,RUTH,CRMT,EVRI,JOUT,RUHN,JMIA,GCO,MOV,MOD,PRTY,NEWM,GME,ETH,MPX,SCVL,BZH,WBAI,CATO,TAST,RRGB,CHUY,LOCO,HIBB,LDL,HVT,HVT-A,LEGH,UFI,MLR,CSV,VSTO,AGS,CLAR,VRA,HZO,BH-A,BH,DS-PC,DS-PD,DS-PB,NATH,MPAA,FRGI,LL,DLTH,TLYS,DFRG,HOFT,NDLS,LQDT,RCKY,SPWH,WEYS,CVGI,CTRN,VNCE,CULP,LCUT,JAX,ZAGG,VSI,BSET,RLH,TSQ,FLXS,HOV,APRN,TA,BBQ,ATV,FRAN,PIR,DDT,,,,,,,,,,,,,,,,,,,,,,,,,,,,,,,,,,,,,,,,,,,,,,,,,,,,,,,,,,,,,,,,,,,,,,,,,,,,,,,,,,,,,,,,,,,,,,,,,,,,,,,,,,,,,,,,,,,,,,,,,,,,,,,,,,,,,,,,,,,,,,,,,,,,,,,,,,,,,,,,,,,,,,,,,,,,,,,,,,,,,,,,,,,,,,,,,,,,,,,,,,,,,,,,,,,,,,,,,,,,,,,,,,,,,,,,,,,,,,,,,,,,,,,,,,,,,,,,,,,,,,,,,,,,,,,,,,,,,,,,,,,,,,,,,,,,,,,,,,,,,,,,,,,,,,,,,,,,,,,,,,,,,,,,,,,,,,,,,,,,,,,,,,,,,,,,,,,,,,,,,,,,,,,,,,,,,,,,,,,,,,,,,,,,,,,,,,,,,,,,,,,,,,,,,,,,,,,,,,,,,,,,,,,,,,,,,,,,,,,,,,,,,,,,,,,,,,,,,,,,,,,,,,,,,,,,,,,,,,,,,,,,,,,,,,,,,,,,,,,,,,,,,,,,,,,,,,,,,,,,,,,,,,,,,,,,,,,,,,,,,,,,,,,,,,,,,,,,,,,,,,,,,,,,,,,,,,,,,,,,,,,,,,,,,,,,,,,,,,,,,,,,,,,,,,,,,,,,,,,,,,,,,,,,,,,,,,,,,,,,,,,,,,,,,,,,,,,,,,,,,,,,,,,,,,,,,,,,,,,,,,,,,,,,,,,,,,,,,,,,,,,,,,,,,,,,,,,,,,,,,,,,,,,,,,,,,,,,,,,,,,,,,,,,,,,,,,,,,,,,,,,,,,,,,,,,,,,,,,,,,,,,,,,,,,,,,,,,
consumer_defensive,WMT,PG,KO,BUD,FMX,UL,UN,COST,PM,DEO,BTI,MDLZ,MO,EL,CL,TGT,WBA,KMB,DG,SYY,STZ-B,STZ,KDP,KHC,GIS,HSY,MNST,TSN,BF-B,BF-A,DLTR,CCEP,HRL,ADM,K,MKC,MKC-V,KR,TAL,CLX,CHD,EDU,CAG,CPB,BURL,KOF,TAP,SJM,LW,BYND,USFD,BG,COTY,PPC,NWL,POST,BRFS,CASY,HLF,INGR,FLO,LOPE,PFGC,SAM,CCU,NOMD,GELE,LANC,LAUR,CHGG,JJSF,GSX,GHC,SAFM,AKO-B,DAR,THS,GO,STRA,COKE,AKO-A,IBA,SPB,TR,NUS,SFM,HAIN,PSMT,CALM,AFYA,IPAR,ATGE,FUZZ,FDP,EPC,CVGW,VGR,COT,CENTA,CENT,USNA,CORE,UVV,REV,BGS,CHEF,ONE,BEDU,JBSS,CECO,LRN,WMK,BUG,ELF,MGPI,IMKTA,ANDE,NEW,AGRO,HMHC,UNFI,FC,TPB,SPTN,RAD,VLGEA,APEI,PETS,CRESY,LMNR,LNDC,SENEB,SENEA,ALCO,NGVC,GPX,FARM,RYB,DL,BREW,COE,UTI,PYX,MTEX,CHSCO,CHSCL,CHSCP,CHSCM,CHSCN,,,,,,,,,,,,,,,,,,,,,,,,,,,,,,,,,,,,,,,,,,,,,,,,,,,,,,,,,,,,,,,,,,,,,,,,,,,,,,,,,,,,,,,,,,,,,,,,,,,,,,,,,,,,,,,,,,,,,,,,,,,,,,,,,,,,,,,,,,,,,,,,,,,,,,,,,,,,,,,,,,,,,,,,,,,,,,,,,,,,,,,,,,,,,,,,,,,,,,,,,,,,,,,,,,,,,,,,,,,,,,,,,,,,,,,,,,,,,,,,,,,,,,,,,,,,,,,,,,,,,,,,,,,,,,,,,,,,,,,,,,,,,,,,,,,,,,,,,,,,,,,,,,,,,,,,,,,,,,,,,,,,,,,,,,,,,,,,,,,,,,,,,,,,,,,,,,,,,,,,,,,,,,,,,,,,,,,,,,,,,,,,,,,,,,,,,,,,,,,,,,,,,,,,,,,,,,,,,,,,,,,,,,,,,,,,,,,,,,,,,,,,,,,,,,,,,,,,,,,,,,,,,,,,,,,,,,,,,,,,,,,,,,,,,,,,,,,,,,,,,,,,,,,,,,,,,,,,,,,,,,,,,,,,,,,,,,,,,,,,,,,,,,,,,,,,,,,,,,,,,,,,,,,,,,,,,,,,,,,,,,,,,,,,,,,,,,,,,,,,,,,,,,,,,,,,,,,,,,,,,,,,,,,,,,,,,,,,,,,,,,,,,,,,,,,,,,,,,,,,,,,,,,,,,,,,,,,,,,,,,,,,,,,,,,,,,,,,,,,,,,,,,,,,,,,,,,,,,,,,,,,,,,,,,,,,,,,,,,,,,,,,,,,,,,,,,,,,,,,,,,,,,,,,,,,,,,,,,,,,,,,,,,,,,,,,,,,,,,,,,,,,,,,,,,,,,,,,,,,,,,,,,,,,,,,,,,,,,,,,,,,,,,,,,,,,,,,,,,,,,,,,,,,,,,,,,,,,,,,,,,,,,,,,,,,,,,,,,,,,,,,,,,,,,,,,,,,,,,,,,,,,,,,,,,,,,,,,,,,,,,,,,,,,,,,,,,,,,,,,,,,,,,,,,,,,,,,,,,,,,,,,,,,,,,,,,,,,,,,,,,,,,,,,,,,,,,,,,,,,,,,,,,,,,,,,,,,,,,,,,,,,,,,,,,,,,,,,,,,,,
energy,XOM,RDS-B,RDS-A,CVX,PTR,TOT,BP,PBR,PBR-A,SNP,ENB,CEO,COP,EQNR,EPD,E,SU,TRP,SLB,KMI,PSX,EOG,MPC,OXY,EC,VLO,ET,CNQ,OKE,ETP-PE,WMB,MPLX,ETP-PD,ETP-PC,BHGE,PXD,PBA,HES,HAL,PAA,MMP,FANG,CXO,PSXP,TS,CVE,CLR,SSL,WES,NBL,FTI,MRO,DVN,APA,TRGP,HFC,NOV,COG,NGLS-PA,EWM,BPL,DCP-PC,TGE,PE,ENBL,SHI,XEC,SHLX,CVI,HP,WPX,BSM,VVV,ENLC,NFG,AM,VNOM,DCP,ETRN,YPF,PAGP,MUR,PBF,NS,TCP,EQT,NS-PA,NS-PB,MGY,DK,RTLR,HEP,VET,GEL,CEQP,SUN,KOS,CHK-PD,INT,NS-PC,WHD,APY,CLB,EURN,MTDR,DRQ,NGL-PC,PDCE,NGL-PB,ERF,PTEN,NGL,USAC,JAG,BPMP,AROC,CRK,NBLX,CNX,TGA,PBFX,OIL,SEMG,HLX,DNOW,LBRT,RES,TALO,PARR,GLOP=PA,GPRK,SM,HESM,MNRL,GLOP-PB,MRC,GLOP-PC,CKH,GLOP,PUMP,CNXM,CRZO,DO,BRY,DKL,OIS,NBR-PA,CJ,KRP,WLL,NR,GLP,BOOM,DMLP,SOI,FRAC,SBR,BORR,GLP-PA,CAPL,TDW,REGI,OMP,CRC,MTRX,BCEI,EXTN,SGU,PVAC,SMLP,SRLP,GNE-PA,NOA,PKD,AMPY,PBT,PHX,KLXE,GEOS,GNE,BPT,NNE,NGS,RNET,IO,SBOW,CELP,RNGR,PRT,VOC,MVO,GIFI,NRT,CRT,MTR,DCP-PB,EP-PC,CEQP-P,,,,,,,,,,,,,,,,,,,,,,,,,,,,,,,,,,,,,,,,,,,,,,,,,,,,,,,,,,,,,,,,,,,,,,,,,,,,,,,,,,,,,,,,,,,,,,,,,,,,,,,,,,,,,,,,,,,,,,,,,,,,,,,,,,,,,,,,,,,,,,,,,,,,,,,,,,,,,,,,,,,,,,,,,,,,,,,,,,,,,,,,,,,,,,,,,,,,,,,,,,,,,,,,,,,,,,,,,,,,,,,,,,,,,,,,,,,,,,,,,,,,,,,,,,,,,,,,,,,,,,,,,,,,,,,,,,,,,,,,,,,,,,,,,,,,,,,,,,,,,,,,,,,,,,,,,,,,,,,,,,,,,,,,,,,,,,,,,,,,,,,,,,,,,,,,,,,,,,,,,,,,,,,,,,,,,,,,,,,,,,,,,,,,,,,,,,,,,,,,,,,,,,,,,,,,,,,,,,,,,,,,,,,,,,,,,,,,,,,,,,,,,,,,,,,,,,,,,,,,,,,,,,,,,,,,,,,,,,,,,,,,,,,,,,,,,,,,,,,,,,,,,,,,,,,,,,,,,,,,,,,,,,,,,,,,,,,,,,,,,,,,,,,,,,,,,,,,,,,,,,,,,,,,,,,,,,,,,,,,,,,,,,,,,,,,,,,,,,,,,,,,,,,,,,,,,,,,,,,,,,,,,,,,,,,,,,,,,,,,,,,,,,,,,,,,,,,,,,,,,,,,,,,,,,,,,,,,,,,,,,,,,,,,,,,,,,,,,,,,,,,,,,,,,,,,,,,,,,,,,,,,,,,,,,,,,,,,,,,,,,,,,,,,,,,,,,,,,,,,,,,,,,,,,,,,,,,,,,,,,,,,,,,,,,,,,,,,,,,,,,,,,,,,,,,,,,,,,,,,,,,,,,,,,,,,,,,,,,,,,,,,,,,,,,,,,,,,,,,,,,,,,,,,,,,,,,,,,,,,,,,,,,,,,,,,,,,,,,,,,,,,,,,,,,,,,,,,,,,,,,,,,,,,,,,,,,,,,,,,,,,,,,,,,,,,,,,,,,,,,,,,,,,,,,,,,,,,,,,,,,,,,,,,,,,,,,,,,,,,,,,,,,,,,,,,
financial_services,HSBC-PA,BRK-A,BRK-B,V,JPM,BAC-PL,SAN-PB,JPM-PD,JPM-PC,BAC-PK,WFC-PL,BAC-PC,BAC-PE,BAC-PY,WFC-PY,BML-PG,BML-PL,WFC-PQ,WFC-PW,WFC-PX,WFC-PR,WFC-PN,WFC-PO,WFC-PP,BAC,WFC-PV,BML-PH,WFC-PT,MA,BAC-PB,BML-PJ,WFC,C-PJ,C-PS,C,HSBC,PYPL,RY,RY-PT,TD,ISG,LFC,AXP,HDB,GS-PJ,GS-PK,MS-PK,MS-PI,GS-PN,MS-PE,MS-PF,USB-PH,MS-PG,USB,USB-PP,USB-PM,USB-PO,GS-PD,GS-PA,MS-PA,GS,CME,MS,CB,WBK,BNS,PUK-PA,BLK,MUFG,PNC,PNC-PQ,SPGI,BX,SCHW-PD,SCHW-PC,ICE,BAM,BBDO,MMC,SCHW,AIG-PA,BBD,MET-PE,ITUB,MET-PA,AIG,BMO,SMFG,PUK,AON,PGR,COF-PH,COF-PG,MET,COF-PP,COF-PF,COF-PD,COF,UBS,BK-PC,BK,ING,BBT,BSBR,AFL,MCO,BBT-PH,TRV,IBN,BBT-PG,BBT-PF,CM,ALL,MFC,ALL-PG,PRU,ALL-PH,BBVA,ALL-PA,TRI,BCS,STI,CS,STI-PA,HBANN,TROW,SLF,DFS,WLTW,KKR-PA,SYF,KKR,HIG,STT,STT-PD,STT-PG,HIG-PG,STT-PE,MTB,STT-PC,KKR-PB,NTRSP,FITBI,NTRS,IX,FITB,AMTD,CINF,AMP,MSCI,KEY-PJ,KEY,KEY-PI,FRC-PI,ACGL,CFG-PD,FRC-PH,AJG,FRC-PF,BAP,NDAQ,FRC-PG,MKL,SHQ,RF-PC,FRC,RF,ACGLP,PFG,CFG,L,ACGLO,RF-PA,APO,DB,RF-PB,HBAN,BEN,BCH,HBANO,KB,APO-PA,APO-PB,ALLY,PNC-PP,BSAC,CNA,WRB,MKTX,FNF,CIB,LNC,Y,RJF,RE,EQH,GL,SIVB,AABA,BRO,RGA,WU,CMA,AFG,ERIE,GS-PC,FDS,SC,ATH-PA,ETFC,SEIC,CACC,CG,RNR,TW,RNR-PF,VOYA-PB,ZB-PA,BSMX,AVAL,OAK,ZB-PH,ZB-PG,RNR-PE,ARCC,IVZ,TCGP,ZION,AIZ,ATH,VOYA,AIZP,ORI,WF,PBCTP,FAF,CBSH,ADS,SBNY,LPLA,CBSHP,OAK-PB,EWBC,ARES,ORCC,PBCT,AREA-PA,UNM,NYCB,CFR-PA,TCF,JEF,SNV-PD,AXS,BOKF,CFR,GAB-PG,SNV,THG,BPOP,PRI,AXS-PE,AXS-PD,FCNCA,KMPR,TFSL,FHN,EV,NYCB-PA,OMF,PB,ESNT,RDN,BHFAP,WAL,MTG,WBS-PF,FHN-PA,SIGI,FFIN,STL-PA,IFS,BHF,AGO,PNFP,PACW,IBKCN,CIT,WTFCM,IBKCP,IBKCO,SF-PB,WBS,JHG,RLI,AMG,ESGR,STL,ASB-PC,TREE,FNB-PE,FCFS,ITCB,IBKC,ESGRP,DNP,ESGRO,UBSI,NEA,SF,VLYPP,FNB,SLMBP,LAZ,SLM,VLY,UMPQ,WTFC,FHB,VLYPO,GBCI,ASB-PD,OZK,BOH,ASB-PE,NVG,WTM,HWC,PCI,ANAT,FII,ASB,LM,CBU,BKU,UMBF,EVR,ISBC,HOMB,TCBIP,CSFL,MCY,AUB,VIRT,FSK,ONB,WAFD,HLNE,HLI,BXS,NAD,CVBF,AB,CEF,ABCB,NAVI,CATY,PRE-PH,MAIN,PRE-PG,TCBI,COLB,FULT,PRE-PI,FIBK,PRE-PF,SSB,CNS,INDB,NNI,EXG,GBDC,IBOC,FFBC,ARGO,CNO,PSEC,PFSI,SFNC,PHYS,NZF,KNSL,WSFS,UTF,IBTX,CADE,UCBI,HTH,NUV,NAC,TRMK,APAM,PRA,AEL,FBP,FMBI,LTXB,FBC,FRME,QD,WSBC,JPS,HKIB,DSL,TOWN,RNST,CNNE,CSQ,CFFN,BANR,HMN,BMA,GWB,CLBK,BGCP,PDI,PPBI,KYN,AMK,EVT,HOPE,ETY,UTG,BANF,GDV,NOAH,SFBS,NWBI,FG,BDJ,AHL-PC,WD,SF-PA,RQI,BTT,WABC,AX,ADX,FOCS,FANH,GSHD,HTLF,GAB-PJ,PFS,NBTB,GAB-PH,PTY,MC,AHL-PD,PJT,SAFT,NTB,JRVR,GAB,PRAA,BHLB,EHTH,EVV,BSTZ,FPF,TY,FFG,BTZ,BBN,CRVL,EIG,STFC,HTGC,TSLX,BUSE,BXMX,QIWI,HYT,RVT,USA,FCF,GDOT,SBCF,AMSF,ETG,STBA,CHCO,CASH,WDR,ETV,SASR,OCFC,NMFC,NRK,UFCS,EIM,BRKL,NFJ,RNP,BIF,SRCE,FBK,SBSI,KRNY,WRLD,OFG,LKFN,LC,OFG-PA,TCBK,AINV,TYG,EFSC,OFG-PD,NBHC,FBNC,JPC,ETW,PJC,AWF,RNR-PC,JQC,PHK,AGM-PA,UVE,VCTR,HTD,BCOR,ECPG,AGM-PC,PML,EBSB,BCSF,HFWA,BPFH,NWLI,HFRO,PSLV,FFC,SCU,MYI,HONE,IGR,NMZ,TPRE,STC,PLMR,GAM,SG,RBCAA,TPZ,AMBC,PDT,AOD,QQQX,SLRC,AGM-A,BSIG,AGM,CGBD,VMO,GABC,EMD,AC,CLM,WASH,NHF,GIM,RA,TBK,PROS,VTA,SYBT,AMTBB,GSBD,EOS,CPF,CHY,CEM,CET,PFBC,GSBC,TCPC,ORIT,NRGX,MBI,AGM-PD,NFBK,BHK,TRST,BLX,OBNK,OPB,CNOB,INTL,NTG,HBNC,HQH,DCOM,LBAI,AMTB,CTBI,CHI,LDP,VRTS,UVSP,VRTSP,IIM,PCN,BMTC,OCSL,NKX,CFB,THQ,BANC,BST,CBTX,BANC-PD,SPAQ-UN,BANC-PE,LOB,CII,GOF,MYD,ENVA,BOE,VKQ,VGM,BCX,UBNK,IQI,BY,WIW,HMST,CAC,BGB,PEBO,PFN,BIT,TSCBP,DIAX,HIO,NID,CUBI-PD,HPS,HPI,CUBI-PC,CUBI-PE,BFK,LBC,PZN,CUBI,CUBI-PF,EMO,MSBI,VCV,NBB,TSC,EFC,TDF,NXJ,MMU,MVF,WTRE,DPG,BTO,EOI,GGT-PE,ETJ,NIE,GHY,MMD,MUC,BGY,BDGE,HIX,IGD,TSCAP,FFIC,IHC,CRD-B,CURO,HAFC,MUA,BLW,JPI,CRD-A,FDEF,TBBK,JFR,JHB,IFN,PPT,MUI,LEO,DSU,PGC,FCBC,GBL,FEI,EFT,MBWM,AWP,NQP,THFF,FSD,MYN,EAD,MFL,EVN,KMF,UCFC,BBDC,NCV,OXLC,HPF,AVK,HTBK,DFP,MCA,VKI,CARE,ISD,CCD,AROW,JRI,MOFG,EFR,CNBKA,ATAX,OXLCM,FISI,IBCP,OXLCO,WSBF,DHIL,FRA,CHW,MQY,HTBI,PEO,KTF,FEN,PMO,CCBG,CAF,PFLT,COWN,WEI,ECCB,EHI,PKO,NAN,BFZ,EDD,FSB,TEII,HRTG,ECCA,MUJ,CRF,MHN,CCNE,PMX,ECC,YRD,GBAB,MIY,ETB,PNNT,DSM,BUI,EQBK,DGICA,NML,RCS,DGICB,GAIN,GUT,VIST,THW,TPVG,BSRR,BME,AFB,PMF,ACBI,AMNB,PMM,JRO,RBB,DFIN,RFI,BKT,GLRE,CSWC,MMT,ERC,CNF,ETO,GUT-PC,OIA,MCR,OPY,GPM,GAINL,BYM,PCQ,MYJ,GAINM,JLS,YIN,HBCP,JGH,NEV,OSBC,FDUS,PSF,GBLI,FOF,AEF,BLE,JMF,EZPW,BGH,HCI,MCBC,WTBA,GNTY,EOT,HYI,EBTC,CIA,ARDC,CTR,HQL,WIA,STXB,MEN,MCI,STK,PFIS,BGR,BFST,MCB,RMT,FCT,JRS,FIV,MVT,RRBI,RM,KIO,PCK,FFA,NMY,DBL,FMO,VPV,MYC,MSB,PFL,SOR,ITIC,BKK,GTS,MRLN,GMZ,MGU,NCA,OXSQ,FNLC,GLO,SPFI,MQT,GLAD,MFM,NBH,NUO,EVM,MUE,MHI,BGT,FIF,WHF,CSTR,SUNS,NUM,FTF,TBNK,JCO,TSI,PHT,ZTR,BKN,BCML,GHL,LHD,NRO,GLADN,NXQ,DMB,MTT,NXP,MAV,VTN,GDO,PHD,NUW,WNEB,NRIM,PCB,SPXX,BSL,BWG,IIF,SCM,IHIT,PZC,DUC,WHG,SCD,NPV,CEN,JOF,EMF,ZF,OCSI,JTD,MIE,EOD,FPL,NHS,EVG,ASA,MHD,ETX,ACV,IGI,FDEU,HGLB,EVF,SFE,AFT,DMO,JCE,IVH,TEAF,ENX,VBF,FLC,GF,NNC,NSL,AIF,ASG,EFL,INSI,JDD,EDF,MFAC-UN,MRCC,EHT,IDE,SAR,BGIO,INB,NXR,TCRD,INBK,HYB,CHN,RIF,CHMG,FBIZ,BGX,GGT,MYF,MXF,OPP,SHBI,BPRN,NTC,DMF,GRX,HIE,BSVN,FT,MPA,GCAP,MSD,LEVL,CBNK,FUND,BNY,MPV,ESSA,IGA,CFFI,BFIN,NIQ,INF,CCB,CEE,UBFO,CXE,CBH,PMBC,BTA,MUH,JHS,PFD,WEA,HEQ,JPT,MUS,RVSB,MHF,BBK,FMN,ACP,HRZN,MVC,JTA,FUNC,NNY,JHY,NAZ,OFS,PAI,GGM,PFO,PROV,JSD,MFIN,LGI,MNP,JHI,VMM,FFNW,GDL,HWBK,SRL,DNI,TWN,BANX,BBF,VGI,PWOD,KF,PGZ,RMI,DCF,SMM,NTX,FAM,ECF,PNI,IHD,KSM,MCN,CPTA,ATLC,MYFW,NMT,TTP,SBI,NIM,NKG,PCM,ERH,BAF,GLQ,PGP,JEMD,BCV,DTF,HNW,SPE,RIV,GNT,AGD,IAF,DEX,MFT,VLT,SPE-PB,EFF,ABDC,MRBK,EGIF,PNF,EDI,GARS,TSLF,VCIF,JMT,CGO,DDF,SWZ,RGT,BSD,GGZ,SZC,NMI,NXC,GLU,GCV,JEQ,IAE,CEV,TLI,EXD,IHTA,CXH,BSE,ICMB,FGB,AMRK,MH-PC,MFD,NHA,NMS,JHAA,MH-PA,MH-PD,BFO,AMRB,VAM,NBW,JMLP,GLV,GFY,HTY,XFLT,EVY,MXE,VCF,NICK,BFY,JMM,FCO,EEA,EGF,FEO,SRV,BCRH,LOR,MZA,NBO,MNE,VFL,FMY,PYN,NCB,NXN,SVVC,PCF,ASFI,IID,MFV,IRL,BQH,CUBA,NYV,NOM,MHE,GRF,BZM,BHV,GGO,NJV,NPN,SRF,COF-PI,SNV-PE,TCFCP,PRIF-PC,KYN-PF,ATH-PB,BANFP,WTREP,AHL-PE,BAC-PN,GGZ-PA,JPM-PG,GRX-PB,RMPL-P,BPOPN,JPM-PF,OAK-PA,JPM-PH,GNT-PA,BAC-PM,GDV-PG,TY-P,OSBCP,SCE-PJ,SCE-PK,NYCB-PU,JPM-PA,BAC-PA,C-PN,CPF-PC,FITBP,SCE-PG,OFG-PB,FINS,KTH,C-PK,SCE-PH,DKT,ALLY-PA,DXB,BPOPM
healthcare,JNJ,MRK,UNH,NVS,PFE,MDT,ABT,NVO,AMGN,TMO,AZN,SNY,ABBV,LLY,GSK,DHR-PA,DHR,BMY,CVS,GILD,SYK,CELG,BDX,ANTM,ISRG,,,,,,,,,,,,,,,,,,,,,,,,,,,,,,,,,,,,,,,,,,,,,,,,,,,,,,,,,,,,,,,,,,,,,,,,,,,,,,,,,,,,,,,,,,,,,,,,,,,,,,,,,,,,,,,,,,,,,,,,,,,,,,,,,,,,,,,,,,,,,,,,,,,,,,,,,,,,,,,,,,,,,,,,,,,,,,,,,,,,,,,,,,,,,,,,,,,,,,,,,,,,,,,,,,,,,,,,,,,,,,,,,,,,,,,,,,,,,,,,,,,,,,,,,,,,,,,,,,,,,,,,,,,,,,,,,,,,,,,,,,,,,,,,,,,,,,,,,,,,,,,,,,,,,,,,,,,,,,,,,,,,,,,,,,,,,,,,,,,,,,,,,,,,,,,,,,,,,,,,,,,,,,,,,,,,,,,,,,,,,,,,,,,,,,,,,,,,,,,,,,,,,,,,,,,,,,,,,,,,,,,,,,,,,,,,,,,,,,,,,,,,,,,,,,,,,,,,,,,,,,,,,,,,,,,,,,,,,,,,,,,,,,,,,,,,,,,,,,,,,,,,,,,,,,,,,,,,,,,,,,,,,,,,,,,,,,,,,,,,,,,,,,,,,,,,,,,,,,,,,,,,,,,,,,,,,,,,,,,,,,,,,,,,,,,,,,,,,,,,,,,,,,,,,,,,,,,,,,,,,,,,,,,,,,,,,,,,,,,,,,,,,,,,,,,,,,,,,,,,,,,,,,,,,,,,,,,,,,,,,,,,,,,,,,,,,,,,,,,,,,,,,,,,,,,,,,,,,,,,,,,,,,,,,,,,,,,,,,,,,,,,,,,,,,,,,,,,,,,,,,,,,,,,,,,,,,,,,,,,,,,,,,,,,,,,,,,,,,,,,,,,,,,,,,,,,,,,,,,,,,,,,,,,,,,,,,,,,,,,,,,,,,,,,,,,,,,,,,,,,,,,,,,,,,,,,,,,,,,,,,,,,,,,,,,,,,,,,,,,,,,,,,,,,,,,,,,,,,,,,,,,,,,,,,,,,,,,,,,,,,,,,,,,,,,,,,,,,,,,,,,,,,,,,,,,,,,,,,,,,,,,,,,,,,,,,,,,,,,,,,,,,,,,,,,,,,,,,,,,,,,,,,,,,,,,,,,,,,,,,,,,,,,,,,,,,,,,,,,,,,,,,,,,,,,,,,,,,,,,,,,,,,,,,,,,,,,,,,,,,,,,,,,,,,,,,,,,,,,,,,,,,,,,,,,,,,,,,,,,,,,,,,,,,,,,,,,,,,,,,,,,,,,,,,,,,,,,,,,,,,,,,
industrials,BA,HON,UTX,UNP,LMT,UPS,MMM,FIS,GE,FISV,ADP,CAT,NOC,CNI,RTN,CSX,DE,GD,ITW,WM,GPN,NSC,ABB,EMR,DAL,,,,,,,,,,,,,,,,,,,,,,,,,,,,,,,,,,,,,,,,,,,,,,,,,,,,,,,,,,,,,,,,,,,,,,,,,,,,,,,,,,,,,,,,,,,,,,,,,,,,,,,,,,,,,,,,,,,,,,,,,,,,,,,,,,,,,,,,,,,,,,,,,,,,,,,,,,,,,,,,,,,,,,,,,,,,,,,,,,,,,,,,,,,,,,,,,,,,,,,,,,,,,,,,,,,,,,,,,,,,,,,,,,,,,,,,,,,,,,,,,,,,,,,,,,,,,,,,,,,,,,,,,,,,,,,,,,,,,,,,,,,,,,,,,,,,,,,,,,,,,,,,,,,,,,,,,,,,,,,,,,,,,,,,,,,,,,,,,,,,,,,,,,,,,,,,,,,,,,,,,,,,,,,,,,,,,,,,,,,,,,,,,,,,,,,,,,,,,,,,,,,,,,,,,,,,,,,,,,,,,,,,,,,,,,,,,,,,,,,,,,,,,,,,,,,,,,,,,,,,,,,,,,,,,,,,,,,,,,,,,,,,,,,,,,,,,,,,,,,,,,,,,,,,,,,,,,,,,,,,,,,,,,,,,,,,,,,,,,,,,,,,,,,,,,,,,,,,,,,,,,,,,,,,,,,,,,,,,,,,,,,,,,,,,,,,,,,,,,,,,,,,,,,,,,,,,,,,,,,,,,,,,,,,,,,,,,,,,,,,,,,,,,,,,,,,,,,,,,,,,,,,,,,,,,,,,,,,,,,,,,,,,,,,,,,,,,,,,,,,,,,,,,,,,,,,,,,,,,,,,,,,,,,,,,,,,,,,,,,,,,,,,,,,,,,,,,,,,,,,,,,,,,,,,,,,,,,,,,,,,,,,,,,,,,,,,,,,,,,,,,,,,,,,,,,,,,,,,,,,,,,,,,,,,,,,,,,,,,,,,,,,,,,,,,,,,,,,,,,,,,,,,,,,,,,,,,,,,,,,,,,,,,,,,,,,,,,,,,,,,,,,,,,,,,,,,,,,,,,,,,,,,,,,,,,,,,,,,,,,,,,,,,,,,,,,,,,,,,,,,,,,,,,,,,,,,,,,,,,,,,,,,,,,,,,,,,,,,,,,,,,,,,,,,,,,,,,,,,,,,,,,,,,,,,,,,,,,,,,,,,,,,,,,,,,,,,,,,,,,,,,,,,,,,,,,,,,,,,,,,,,,,,,,,,,,,,,,,,,,,,,,,,,,,,,,,,,,,,,,,,,,,,,,,,,,,,,,,,,,,,,,,,,,,,,,,,,,,,,,,,,,,,,,,,,,,,,,,,,,,,,,,
real_estate,SPG-PJ,CCI,PLD,EQIX,SPG,PSA-PH,PSA,WELL,EQR,AVB,DLR-PK,DLR-PJ,VTR,DLR-PG,DLR,SBAC,DLR-PC,DLR-PI,O,BXP-PB,CSGP,ESS,WY,BXP,BPY,,,,,,,,,,,,,,,,,,,,,,,,,,,,,,,,,,,,,,,,,,,,,,,,,,,,,,,,,,,,,,,,,,,,,,,,,,,,,,,,,,,,,,,,,,,,,,,,,,,,,,,,,,,,,,,,,,,,,,,,,,,,,,,,,,,,,,,,,,,,,,,,,,,,,,,,,,,,,,,,,,,,,,,,,,,,,,,,,,,,,,,,,,,,,,,,,,,,,,,,,,,,,,,,,,,,,,,,,,,,,,,,,,,,,,,,,,,,,,,,,,,,,,,,,,,,,,,,,,,,,,,,,,,,,,,,,,,,,,,,,,,,,,,,,,,,,,,,,,,,,,,,,,,,,,,,,,,,,,,,,,,,,,,,,,,,,,,,,,,,,,,,,,,,,,,,,,,,,,,,,,,,,,,,,,,,,,,,,,,,,,,,,,,,,,,,,,,,,,,,,,,,,,,,,,,,,,,,,,,,,,,,,,,,,,,,,,,,,,,,,,,,,,,,,,,,,,,,,,,,,,,,,,,,,,,,,,,,,,,,,,,,,,,,,,,,,,,,,,,,,,,,,,,,,,,,,,,,,,,,,,,,,,,,,,,,,,,,,,,,,,,,,,,,,,,,,,,,,,,,,,,,,,,,,,,,,,,,,,,,,,,,,,,,,,,,,,,,,,,,,,,,,,,,,,,,,,,,,,,,,,,,,,,,,,,,,,,,,,,,,,,,,,,,,,,,,,,,,,,,,,,,,,,,,,,,,,,,,,,,,,,,,,,,,,,,,,,,,,,,,,,,,,,,,,,,,,,,,,,,,,,,,,,,,,,,,,,,,,,,,,,,,,,,,,,,,,,,,,,,,,,,,,,,,,,,,,,,,,,,,,,,,,,,,,,,,,,,,,,,,,,,,,,,,,,,,,,,,,,,,,,,,,,,,,,,,,,,,,,,,,,,,,,,,,,,,,,,,,,,,,,,,,,,,,,,,,,,,,,,,,,,,,,,,,,,,,,,,,,,,,,,,,,,,,,,,,,,,,,,,,,,,,,,,,,,,,,,,,,,,,,,,,,,,,,,,,,,,,,,,,,,,,,,,,,,,,,,,,,,,,,,,,,,,,,,,,,,,,,,,,,,,,,,,,,,,,,,,,,,,,,,,,,,,,,,,,,,,,,,,,,,,,,,,,,,,,,,,,,,,,,,,,,,,,,,,,,,,,,,,,,,,,,,,,,,,,,,,,,,,,,,,,,,,,,,,,,,,,,,,,,,,,,,,,,,,,,,,,,,,,,,,,,,,,,,,,,,,,,,,,,,,,,,,,,,,,,,,,,,,,,,,
technology,MSFT,AAPL,GOOGL,GOOG,FB,INTC,TSM,CSCO,ORCL,SAP,ADBE,CRM,IBM,ACN,TXN,AVGO,NVDA,ASML,QCOM,SNE,INTU,VMW,UBER,MU,INFY,AMAT,NOW,LHX,ADI,ATVI,BIDU,DELL,SHOP,WDAY,NTES,CTSH,ADSK,LRCX,AMD,TWTR,TEL,NXPI,TEAM,EA,NOK,APH,HPQ,MSI,XLNX,ERIC,SQ,KLAC,FTV-PA,FTV,TSS,GLW,SPOT,MCHP,TME,VRSN,SNAP,CERN,GIB,PANW,MTCH,VEEV,HPE,SNPS,ANET,WDC,IAC,KEYS,STM,CDNS,ANSS,MRVL,CHKP,SPLK,MXIM,GRMN,CDW,PINS,SYMC,STX,AKAM,PAGS,TWLO,CRWD,SWKS,IQ,NTAP,LYFT,SE,SSNC,TTWO,FTNT,CTXS,IT,WORK,LDOS,YNDX,OKTA,PAYC,GODY,ATHM,TDY,ZBRA,WB,OTEX,DOCU,RNG,EPAM,TRMB,TYL,TER,LN,BKI,NICE,STNE,QRVO,DOX,FICO,CGNX,GWRE,DXC,OLED,CY,FFIV,AZPN,WUBA,ON,ST,JNPR,DBX,UI,ZEN,COUP,IPGP,ZAYO,PTC,HUBB,MOMO,CDAY,FLIR,AYX,MPWR,ESTC,XRX,HUBS,LOGI,FSLR,ENTG,ARW,SABR,GRUB,CIEN,MLNX,WIX,PLAN,DT,ZS,NATI,INXN,SWI,RP,PEGA,AYI,CDK,MDSO,CREE,FLEX,ZNGA,CACI,AVLR,TDOC,CCC,MKSI,MANH,NTNX,SLAB,LUAN,PCTY,VSAT,JBL,BILI,YY,SAIC,LITE,AVT,LFUS,MFGP,SMAR,PSTG,BLKB,JCOM,LPL,PRSP,HWY,CCMP,BB,PVTL,COHR,NCR,ANGI,CARG,SWCH,NVT,SEDG,ACIW,TECD,QTWO,CYBR,MANT,TDC,MDLA,NEWR,CSOD,LOGM,VIAV,DSGX,CRUS,SMTC,OMCL,SATS,GLOB,SINA,ENR,QLYS,RAMP,ENV,ENR-PA,DOYU,VRNT,FEYE,ITRI,LSCC,NOVT,IPHA,FNSR,ENS,BRKS,AVX,POWI,IIVI,FSLY,VSH,ROG,BL,INOV,YELP,BOX,ACIA,CLDR,ALRM,PRO,BDC,ALTR,LPSN,MME,EVTC,PS,COMM,SVNK,PD,SANM,EGHT,TENB,PINC,AEIS,ARCE,AMKR,TSEM,AMBA,DAVA,ESE,CVLT,DIOD,FN,YEXT,WK,SOGO,CBLK,KN,OSIS,VNET,PLXS,SAIL,NTCT,RUN,NSIT,VRNS,EPAY,IRBT,SPSC,SPWR,PRGS,CSGS,MDRX,CHNG,ZUO,MXL,EB,UPWK,BAND,BMI,SONO,RMBS,SCPL,MSTR,MTSI,EGOV,CVET,KLIC,INST,OPRA,LINX,CRAY,PLT,FORM,MEI,SSYS,VICR,HCAT,SYKE,EBIX,PSDO,SSTK,GSKY,STMP,TTMI,CRTO,TWOU,SYNA,CSIQ,LORL,WIRE,PRFT,SIMO,VRTU,RCM,CISN,KEM,RDWR,SCWX,NTGR,MTSC,CTS,NXGN,BHE,PLUS,DBD,TIVO,XPER,MLAB,DDD,FORTY,CNXN,MTLS,EXTR,PHT,INFN,FARO,CLS,VSLR,MODN,NVMI,HSTM,QADB,JKS,NOVA,EIGI,QADA,MOBL,IMOS,TYPE,GLUU,NANO,CANG,SCSC,RTEC,LTRPA,VCRA,PLAB,SGH,PI,CEVA,CMTL,UCTT,HMI,QNST,CASA,UEIC,AGYS,DQ,ATEN,LASR,HLIT,EVH,TUFN,ACLS,COHU,VECO,ICHR,CIOT,ITRN,AUDC,IIIV,DMRC,MAXR,ADTN,SOHU,CYOU,RUBI,AQ,VPG,AMSWA,RST,GILT,MGIC,UIS,PDFS,ZIXI,BCOV,DGII,KE,SWIR,MX,PAR,CAMP,TLRA,CALX,CPSI,CRCM,DAKT,DSPG,AOSL,CTK,NPTN,MIXT,PLPC,ECOM,AVID,IMMR,ALLT,SNCR,TNAV,HURC,HBB,BELFA,GSIT,KVHI,BELFB,PCTI,TZOO,TESS,IVAC,ASYS,AVNW,RELL,MNDP,NET,CHNGU,TXG,,,,,,,,,,,,,,,,,,,,,,,,,,,,,,,,,,,,,,,,,,,,,,,,,,,,,,,,,,,,,,,,,,,,,,,,,,,,,,,,,,,,,,,,,,,,,,,,,,,,,,,,,,,,,,,,,,,,,,,,,,,,,,,,,,,,,,,,,,,,,,,,,,,,,,,,,,,,,,,,,,,,,,,,,,,,,,,,,,,,,,,,,,,,,,,,,,,,,,,,,,,,,,,,,,,,,,,,,,,,,,,,,,,,,,,,,,,,,,,,,,,,,,,,,,,,,,,,,,,,,,,,,,,,,,,,,,,,,,,,,,,,,,,,,,,,,,,,,,,,,,,,,,,,,,,,,,,,,,,,,,,,,,,,,,,,,,,,,,,,,,,,,,,,,,,,,,,,,,,,,,,,,,,,,,,,,,,,,,,,,,,,,,,,,,,,,,,,,,,,,,,,,,,,,,,,,,,,,,,,,,,,,,,,,,,,,,,,,,,,,,,,,,,,,,,,,,,,,,,,,,,,,,,,,,,,,,,,,,,,,,,,,,,,,,,,,,,,,,,,,,,,,,,,,,,,,,,,,,,,,,,,,,,,,,,,,,,,,,,,,,,,,,,,,,,,,,,,,,,,,,,,,,,,,,,,,,,,,,,,,,,,,,,,,,,,,,,,,,,,,,,,,,,,,,,,,,,,,,,,,,,,,,,,,,,,,,,,,,,,,,,,,,,,,,,,,,,,,,,,,,,,,,,,,,,,,,,,,,,,,,,,,,,,,,,,,,,,,,,,,,,,,,,,,,,,,,,,,,,,,,,,,,,,,,,,,,,,,,,,,,,,,,,
utilities,NEE,DUK,DUK-PA,D,SO,DCUE,EXC,AEP,SRE,SRE-PB,SRE-PA,NGG,XEL,ED,PEG,WEC,ES,EIX,FE,DTE,ETR,PPL,AWK,AEE,FTS,CMS,NMK-PC,AGR,EVRG,CNP,CNP-PB,BIP,KEP,ENIA,ATO,EBR-B,EBR,VST,LNT,NI-PB,NI,PNW,AES,UGI,NRG,WTR,DTV,OGE,CPL,CMS-PB,WTRU,SBS,HNP,BEP,AQNidaPCG,POR,OGS,SWX,BKH,SR-PA,ALE,SR,SJIU,PNM,NJR,NEW,ORA,TERP,CZZ,CWEN,CWEN-A,AWR,ELP,AVA,NFE,NEP,SJI,EE,MGEE,PEGI,CWT,AY,NWN,OTTR,SJW,TAC,CPK,SPH,PAM,MSEX,KEN,UTL,CTWS,ALP-PQ,WAAS,YORW,JE-PA,,,,,,,,,,,,,,,,,,,,,,,,,,,,,,,,,,,,,,,,,,,,,,,,,,,,,,,,,,,,,,,,,,,,,,,,,,,,,,,,,,,,,,,,,,,,,,,,,,,,,,,,,,,,,,,,,,,,,,,,,,,,,,,,,,,,,,,,,,,,,,,,,,,,,,,,,,,,,,,,,,,,,,,,,,,,,,,,,,,,,,,,,,,,,,,,,,,,,,,,,,,,,,,,,,,,,,,,,,,,,,,,,,,,,,,,,,,,,,,,,,,,,,,,,,,,,,,,,,,,,,,,,,,,,,,,,,,,,,,,,,,,,,,,,,,,,,,,,,,,,,,,,,,,,,,,,,,,,,,,,,,,,,,,,,,,,,,,,,,,,,,,,,,,,,,,,,,,,,,,,,,,,,,,,,,,,,,,,,,,,,,,,,,,,,,,,,,,,,,,,,,,,,,,,,,,,,,,,,,,,,,,,,,,,,,,,,,,,,,,,,,,,,,,,,,,,,,,,,,,,,,,,,,,,,,,,,,,,,,,,,,,,,,,,,,,,,,,,,,,,,,,,,,,,,,,,,,,,,,,,,,,,,,,,,,,,,,,,,,,,,,,,,,,,,,,,,,,,,,,,,,,,,,,,,,,,,,,,,,,,,,,,,,,,,,,,,,,,,,,,,,,,,,,,,,,,,,,,,,,,,,,,,,,,,,,,,,,,,,,,,,,,,,,,,,,,,,,,,,,,,,,,,,,,,,,,,,,,,,,,,,,,,,,,,,,,,,,,,,,,,,,,,,,,,,,,,,,,,,,,,,,,,,,,,,,,,,,,,,,,,,,,,,,,,,,,,,,,,,,,,,,,,,,,,,,,,,,,,,,,,,,,,,,,,,,,,,,,,,,,,,,,,,,,,,,,,,,,,,,,,,,,,,,,,,,,,,,,,,,,,,,,,,,,,,,,,,,,,,,,,,,,,,,,,,,,,,,,,,,,,,,,,,,,,,,,,,,,,,,,,,,,,,,,,,,,,,,,,,,,,,,,,,,,,,,,,,,,,,,,,,,,,,,,,,,,,,,,,,,,,,,,,,,,,,,,,,,,,,,,,,,,,,,,,,,,,,,,,,,,,,,,,,,,,,,,,,,,,,,,,,,,,,,,,,,,,,,,,,,,,,,,,,,,,,,,,,,,,,,,,,,,,,,,,,,,,,,,,,,,,,,,,,,,,,,,,,,,,,,,,,,,,,,,,,,,
